id,cluster_label,income_amount,total_expenses,spending_ratio,top_category_amount,num_transactions,balance,daily_burn_rate,days_remaining,savings_goal_progress,risk_label,projected_days_left,sustainability_label,cat_food,cat_transport,cat_shopping,cat_utilities,cat_health,cat_entertainment,cat_savings,cat_education,cat_other
260,Impulsive,10066.65,8019.09,0.7966,2264.17,20,2047.56,364.5,8,0.9652,risky,5.62,critical,1614.32,797.69,2264.17,796.17,417.67,1655.75,240.75,137.22,95.35
38,Savers,51624.29,6989.93,0.1354,2210.71,11,44634.36,1397.99,25,0.6534,caution,31.93,on_track,2210.71,790.9,190.41,1665.3,680.96,78.52,1146.54,663.31,0
370,At-Risk,8717.65,8216.39,0.9425,2779.37,33,501.26,373.47,8,0.9158,risky,1.34,critical,1707.84,1093.46,2779.37,619.4,217.52,2029.88,86.76,82.92,0
113,Balanced,19422.33,12315.7,0.6341,2646.57,17,7106.63,648.19,11,0.7646,risky,10.96,at_risk,2646.57,1425.24,1897.41,2166.11,913.74,825.19,1288.96,700.17,452.31
19,Savers,10969.67,1563.18,0.1425,414.67,9,9406.49,521.06,27,0.0053,risky,18.05,critical,414.67,146.49,54.55,369.69,178.38,12.82,234.98,112.61,38.99
1,Savers,8100.04,1423.99,0.1758,467.6,3,6676.05,118.67,18,0.9748,safe,56.26,on_track,467.6,152.46,37.91,362.42,118.87,14.27,206.93,92.49,0
319,At-Risk,67250.32,73894.65,1.0988,25592.57,27,-6644.33,12315.77,24,0.3043,risky,-0.54,critical,12702.28,7896.46,25592.57,4983.49,2632.55,14070.52,864.7,872.02,4280.06
317,At-Risk,18906.09,20186.03,1.0677,7158.26,33,-1279.94,1261.63,14,1.1184,risky,-1.01,critical,3005.35,2116.27,7158.26,1604.92,519.72,4830.73,163.87,187.22,599.69
48,Savers,67851.09,8060.71,0.1188,2352.47,7,59790.38,732.79,19,1.1344,safe,81.59,on_track,2352.47,748.78,249.1,1596.28,674.3,95.14,1432.51,731.51,180.62
194,Balanced,34370.7,19464.13,0.5663,4259.21,11,14906.57,671.18,1,0.001,caution,22.21,on_track,4259.21,2326.36,4038.36,2910.54,1438.2,1357.28,1627.4,869.12,637.66
230,Impulsive,17347.72,14178.29,0.8173,3510.55,22,3169.43,1772.29,22,0.7786,risky,1.79,critical,2768.38,1141.27,3510.55,1626.72,715.95,2710.29,466.8,308.95,929.38
201,Impulsive,49385.59,39093.63,0.7916,11419.41,23,10291.96,4886.7,22,0.3563,risky,2.11,critical,8154.36,3645.24,11419.41,4651.2,1883.75,5780.23,1198.19,914.97,1446.28
321,At-Risk,70251.34,78428.6,1.1164,27676.74,21,-8177.26,6535.72,18,1.1477,risky,-1.25,critical,15737.34,10642.49,27676.74,4485.15,2819.51,16920.32,790.15,751.54,0
324,At-Risk,19465.37,17793.29,0.9141,5886.24,32,1672.08,635.47,2,1.3684,caution,2.63,on_track,3137.97,2036.2,5886.24,1390.54,536.29,3951.82,209.94,169.3,474.99
224,Impulsive,8192.94,5889.09,0.7188,1591.99,23,2303.85,588.91,20,0.2057,risky,3.91,critical,1000.48,519.53,1591.99,632.66,236.66,1145.63,171.08,98.98,492.08
132,Balanced,72128.57,46133.43,0.6396,9430.77,19,25995.14,4193.95,19,0.8969,risky,6.2,critical,9430.77,4500.71,8436.08,7624.16,4098.22,2764.49,5523.99,2061.39,1693.62
320,At-Risk,13595.23,17294.49,1.2721,6028.72,32,-3699.26,2882.42,24,0.9173,risky,-1.28,critical,3570.16,2040.1,6028.72,1088.0,499.09,3538.29,141.25,189.22,199.66
167,Balanced,9611.4,6027.31,0.6271,1734.25,18,3584.09,753.41,22,1.2752,risky,4.76,critical,1734.25,591.81,1079.73,933.73,553.34,480.5,504.64,358.28,0
379,At-Risk,48711.68,46446.59,0.9535,16800.31,40,2265.09,3096.44,15,0.002,risky,0.73,critical,8595.75,5492.8,16800.31,2781.29,1506.62,12165.52,405.93,533.5,0
85,Savers,27474.22,4964.59,0.1807,1393.08,12,22509.63,2482.3,28,0.1223,risky,9.07,critical,1393.08,515.9,159.56,1218.57,525.71,45.36,615.38,332.75,158.28
357,At-Risk,27019.61,25982.06,0.9616,8697.79,25,1037.55,1367.48,11,1.0092,risky,0.76,critical,4965.5,3428.5,8697.79,1989.21,807.12,6340.59,228.11,242.92,0
11,Savers,28257.2,6852.37,0.2425,1829.33,3,21404.83,3426.18,28,0.7712,risky,6.25,critical,1829.33,640.86,216.35,1560.77,611.26,61.09,912.83,454.12,565.76
163,Balanced,58740.96,37647.08,0.6409,8910.54,20,21093.88,1711.23,8,1.499,caution,12.33,on_track,8910.54,4250.52,5533.97,6141.7,3067.61,3151.58,3165.99,2130.88,1294.29
335,At-Risk,31518.08,30323.54,0.9621,10068.07,26,1194.54,30323.54,30,0.759,risky,0.04,critical,6281.45,3351.54,10068.07,2143.96,791.45,7550.33,287.98,247.12,0
216,Impulsive,65698.36,48537.95,0.7388,14546.08,21,17160.41,2554.63,11,0.3335,risky,6.72,critical,7864.92,5643.82,14546.08,4668.57,2656.71,8022.52,1504.5,1162.87,2467.96
300,Impulsive,73843.46,65838.83,0.8916,16261.93,18,8004.63,2532.26,4,0.7975,risky,3.16,at_risk,14717.61,6660.31,16261.93,7200.93,3732.35,12405.3,1641.71,1167.14,2051.55
366,At-Risk,9622.03,9488.28,0.9861,3905.5,35,133.75,1054.25,21,1.3608,risky,0.13,critical,1723.68,1155.25,3905.5,728.22,254.25,2396.53,78.64,103.82,0
355,At-Risk,14897.71,17023.61,1.1427,6567.16,37,-2125.9,773.8,8,1.0584,risky,-2.75,critical,3238.62,1771.22,6567.16,1143.39,470.13,3169.92,187.0,187.43,288.74
283,Impulsive,8316.45,6269.77,0.7539,2039.26,29,2046.68,391.86,14,1.2813,risky,5.22,critical,1330.7,600.76,2039.26,724.21,348.72,1176.13,221.1,137.83,0
159,Balanced,17117.95,8386.08,0.4899,2119.76,18,8731.87,1198.01,23,1.378,risky,7.29,critical,2119.76,885.27,1568.05,1313.92,694.23,551.32,954.51,438.99,0
210,Impulsive,47494.6,33892.15,0.7136,9790.1,27,13602.45,1355.69,5,0.7864,safe,10.03,on_track,7899.4,3411.59,9790.1,3218.28,1393.78,6062.67,1135.32,560.07,420.94
318,At-Risk,24823.48,23267.05,0.9373,9726.41,22,1556.43,3323.86,23,0.2011,risky,0.47,critical,3394.34,2909.99,9726.41,1701.89,724.92,5358.2,207.63,188.56,0
24,Savers,25142.81,9353.13,0.372,2366.42,7,15789.68,334.04,2,0.0025,caution,47.27,on_track,2366.42,910.83,267.71,2245.8,865.6,96.4,1462.57,751.67,386.13
59,Savers,40851.21,4297.55,0.1052,1496.17,7,36553.66,286.5,15,0.2988,safe,127.59,on_track,1496.17,460.29,136.09,816.11,419.74,41.67,604.81,355.85,0
72,Savers,16724.32,5639.44,0.3372,1847.22,4,11084.88,208.87,3,1.1169,safe,53.07,on_track,1847.22,521.66,167.44,1147.64,508.65,47.17,999.4,484.87,0
4,Savers,11421.27,3973.46,0.3479,1169.82,5,7447.81,331.12,18,0.2451,caution,22.49,on_track,1169.82,450.45,127.96,756.2,374.34,32.92,636.59,343.54,81.64
219,Impulsive,46066.93,36927.25,0.8016,13259.9,20,9139.68,7385.45,25,0.4989,risky,1.24,critical,6353.79,4412.35,13259.9,4272.99,2205.77,6228.6,949.72,845.6,0
71,Savers,13591.14,2469.51,0.1817,755.18,11,11121.63,411.59,24,0.6451,caution,27.02,on_track,755.18,229.68,62.21,650.78,249.97,26.69,363.57,205.89,0
245,Impulsive,17685.46,14611.73,0.8262,4214.17,30,3073.73,1217.64,18,1.4717,risky,2.52,critical,2972.7,1685.26,4214.17,1556.64,681.22,2471.68,402.16,344.87,283.03
282,Impulsive,21814.36,16218.98,0.7435,5400.42,25,5595.38,1013.69,14,0.8575,risky,5.52,critical,3257.35,1348.39,5400.42,1695.64,799.19,2857.44,575.44,372.16,0
247,Impulsive,75730.62,59819.62,0.7899,14671.49,15,15911.0,6646.62,21,1.0055,risky,2.39,critical,11703.38,5246.21,14671.49,6015.21,3527.22,12482.94,1555.83,1414.75,3202.59
32,Savers,53191.93,14553.31,0.2736,4988.99,9,38638.62,1212.78,18,0.8192,safe,31.86,on_track,4988.99,1609.94,498.33,3048.53,1167.7,171.93,2053.55,1282.31,0
345,At-Risk,8870.45,8469.51,0.9548,3331.71,26,400.94,1058.69,22,0.4496,risky,0.38,critical,1680.0,1081.75,3331.71,581.71,232.89,2054.9,88.61,82.9,0
341,At-Risk,44940.37,53771.15,1.1965,16998.53,35,-8830.78,1854.18,1,0.1693,risky,-4.76,critical,11210.77,5635.27,16998.53,4392.21,1503.65,11183.51,615.31,500.02,1731.88
186,Balanced,58615.35,25140.12,0.4289,5817.51,20,33475.23,3142.51,22,1.0571,risky,10.65,critical,5817.51,2132.62,4268.71,4178.8,1972.53,1734.01,2868.47,1051.07,1116.4
334,At-Risk,32594.42,39002.48,1.1966,12452.1,39,-6408.06,1500.1,4,1.1273,risky,-4.27,critical,8339.2,5585.69,12452.1,2868.33,1330.33,6971.43,401.1,372.8,681.5
326,At-Risk,9834.57,11836.89,1.2036,4777.11,27,-2002.32,11836.89,29,0.9296,risky,-0.17,critical,1709.41,1470.92,4777.11,820.53,342.34,2331.08,98.45,123.11,163.94
2,Savers,66068.48,14944.69,0.2262,5145.7,9,51123.79,574.8,4,0.5159,safe,88.94,on_track,5145.7,1649.18,495.59,2840.24,1448.21,125.67,2042.52,1059.43,138.15
165,Balanced,20248.96,11477.11,0.5668,2980.44,9,8771.85,459.08,5,1.1785,safe,19.11,on_track,2980.44,995.47,2461.7,1578.77,944.88,948.78,1154.33,665.71,0
350,At-Risk,27930.05,30150.49,1.0795,10840.34,28,-2220.44,2010.03,15,0.785,risky,-1.1,critical,6465.25,3058.22,10840.34,2094.94,973.44,7176.71,258.34,329.4,0
316,At-Risk,18156.09,18764.32,1.0335,6433.98,36,-608.23,18764.32,30,1.4935,risky,-0.03,critical,3519.93,2389.05,6433.98,1356.08,604.37,3520.11,165.3,160.48,615.02
356,At-Risk,40989.88,44269.07,1.08,17336.8,31,-3279.19,22134.53,28,1.3771,risky,-0.15,critical,7295.23,4920.64,17336.8,3136.34,1570.24,9279.52,371.39,448.23,0
135,Balanced,59218.23,27198.93,0.4593,7198.76,17,32019.3,971.39,2,0.2822,safe,32.96,on_track,7198.76,3179.26,5575.61,3414.77,2371.39,1668.21,2467.99,1454.42,0
156,Balanced,27991.71,18418.55,0.658,5416.3,19,9573.16,1227.9,15,0.4504,risky,7.8,critical,5416.3,1577.86,3065.88,2713.42,1300.71,1280.49,1824.29,898.15,341.45
236,Impulsive,24293.19,19563.31,0.8053,6077.49,16,4729.88,1630.28,18,1.2582,risky,2.9,critical,4440.82,1917.6,6077.49,2080.33,1156.66,3904.73,501.13,391.08,0
137,Balanced,16569.69,7666.8,0.4627,1750.38,19,8902.89,547.63,16,0.4804,risky,16.26,at_risk,1750.38,756.33,1462.12,1061.89,578.91,618.85,756.25,429.77,252.3
332,At-Risk,9231.09,9805.26,1.0622,3686.94,30,-574.17,9805.26,30,1.3742,risky,-0.06,critical,1416.29,1282.24,3686.94,718.21,238.75,2020.27,85.33,91.41,265.82
107,Balanced,8324.89,5741.68,0.6897,1300.29,12,2583.21,410.12,16,1.211,risky,6.3,critical,1300.29,507.75,1063.32,901.94,373.03,464.46,584.64,303.38,242.87
77,Savers,66609.06,12182.8,0.1829,3090.27,12,54426.26,435.1,2,0.4521,safe,125.09,on_track,3090.27,1184.13,299.03,2447.84,1305.26,116.72,1817.65,1039.78,882.12
313,At-Risk,33371.39,31145.52,0.9333,9728.73,25,2225.87,1354.15,7,0.687,risky,1.64,critical,5941.24,4449.99,9728.73,1831.01,865.39,6525.04,357.15,315.39,1131.58
310,At-Risk,25031.06,26250.07,1.0487,9640.22,22,-1219.01,1009.62,4,0.3646,risky,-1.21,critical,5297.3,3684.52,9640.22,1641.62,845.89,5637.49,226.38,286.49,0
192,Balanced,25157.79,12110.96,0.4814,3507.05,9,13046.83,550.5,8,0.3998,safe,23.7,on_track,3507.05,1346.03,1795.07,2173.82,980.28,938.26,1453.12,720.36,0
151,Balanced,59266.99,30261.73,0.5106,6660.16,11,29005.26,1592.72,11,1.2247,caution,18.21,on_track,6660.16,2801.25,6459.35,5390.33,2218.98,2283.51,3015.29,1559.01,0
384,At-Risk,8437.46,8541.24,1.0123,3437.84,31,-103.78,533.83,14,0.967,risky,-0.19,critical,1535.17,1077.13,3437.84,548.42,304.37,1894.62,86.83,72.84,0
278,Impulsive,8047.28,5993.61,0.7448,1879.2,30,2053.67,374.6,14,1.0511,risky,5.48,critical,1115.02,611.0,1879.2,536.34,296.25,975.15,187.94,113.44,279.27
131,Balanced,15227.61,7482.85,0.4914,2198.02,11,7744.76,277.14,3,0.0504,caution,27.95,on_track,2198.02,815.64,1138.33,1261.37,579.29,579.54,863.15,301.66,0
175,Balanced,34207.09,15423.98,0.4509,3961.46,12,18783.11,670.61,7,0.0907,caution,28.01,on_track,3961.46,1459.36,2979.48,2556.73,1458.22,1196.44,1244.22,637.79,0
45,Savers,65129.07,23290.16,0.3576,7234.46,7,41838.91,2911.27,22,0.3598,risky,14.37,critical,7234.46,2262.71,772.14,5264.49,1919.32,244.59,4136.48,1564.53,0
105,Balanced,71355.05,33515.47,0.4697,8153.03,13,37839.58,2578.11,17,1.2689,risky,14.68,at_risk,8153.03,3902.16,4959.95,4271.54,2309.1,2031.39,3113.8,1816.09,2958.41
333,At-Risk,10582.61,11422.87,1.0794,4057.12,30,-840.26,951.91,18,0.3124,risky,-0.88,critical,2378.56,1526.45,4057.12,772.08,375.94,2347.28,129.54,105.06,0
223,Impulsive,36363.37,28050.7,0.7714,6805.93,16,8312.67,2805.07,20,0.993,risky,2.96,critical,4962.03,2382.25,6805.93,3041.94,1566.42,5058.48,799.51,592.5,2841.64
311,At-Risk,78241.51,96620.44,1.2349,36438.6,36,-18378.93,19324.09,25,0.7245,risky,-0.95,critical,14008.88,11362.85,36438.6,5472.29,2561.23,17951.35,980.89,851.73,6992.62
308,At-Risk,38812.24,39421.59,1.0157,14063.31,26,-609.35,2815.83,16,0.857,risky,-0.22,critical,7792.18,4538.58,14063.31,2687.2,1276.25,7849.04,435.53,391.21,388.29
123,Balanced,19580.07,11714.76,0.5983,2359.45,14,7865.31,901.14,17,0.6013,risky,8.73,critical,2359.45,1095.15,1935.77,1879.8,822.16,856.43,1236.48,563.59,965.93
288,Impulsive,30164.05,25781.21,0.8547,8916.68,17,4382.84,1611.33,14,0.7749,risky,2.72,critical,4513.92,2320.2,8916.68,2799.78,1364.34,4523.87,875.04,458.0,9.38
119,Balanced,9385.45,4861.66,0.518,1205.24,11,4523.79,173.63,2,0.7966,safe,26.05,on_track,1205.24,428.23,888.6,855.56,419.45,290.94,508.66,251.53,13.45
108,Balanced,41651.24,16922.9,0.4063,4128.52,14,24728.34,676.92,5,0.7725,safe,36.53,on_track,4128.52,1681.63,2685.49,2646.74,1252.34,1288.07,1850.82,968.25,421.04
363,At-Risk,10160.51,9488.9,0.9339,3297.29,40,671.61,351.44,3,1.28,risky,1.91,critical,1925.24,1336.82,3297.29,626.74,305.37,2143.71,91.12,99.91,0
157,Balanced,8090.34,3914.92,0.4839,1096.2,20,4175.42,230.29,13,0.2796,caution,18.13,on_track,1096.2,458.82,772.47,590.99,319.7,255.52,379.96,192.77,0
177,Balanced,71223.06,46387.58,0.6513,9584.21,17,24835.48,1656.7,2,1.1125,safe,14.99,on_track,9584.21,5007.4,9117.8,7922.45,3054.76,2709.68,4517.19,2276.12,2197.97
279,Impulsive,27380.94,21168.2,0.7731,7567.9,21,6212.74,846.73,5,1.1078,caution,7.34,on_track,4354.57,2382.85,7567.9,2303.79,1187.15,4093.78,649.1,483.7,0
222,Impulsive,63346.76,43487.55,0.6865,12816.27,30,19859.21,2415.98,12,0.2473,risky,8.22,critical,10257.72,4390.71,12816.27,4233.37,2336.83,7891.28,1113.52,1042.36,0
347,At-Risk,24316.38,23375.34,0.9613,8476.43,24,941.04,1016.32,7,1.265,risky,0.93,critical,4092.64,3042.65,8476.43,1574.77,683.08,5400.14,206.75,203.22,0
96,Savers,54635.56,12713.69,0.2327,3293.32,7,41921.87,977.98,17,1.2231,safe,42.87,on_track,3257.02,1381.24,440.27,3293.32,1035.9,117.76,1679.42,1135.53,373.23
164,Balanced,40993.49,25768.51,0.6286,7383.43,14,15224.98,1073.69,6,1.1773,safe,14.18,on_track,7383.43,2182.48,5216.99,3416.72,2257.41,1940.26,2949.0,1345.25,0
280,Impulsive,51307.7,37634.2,0.7335,12868.14,27,13673.5,1447.47,4,0.0901,caution,9.45,on_track,9018.85,4095.44,12868.14,4192.95,1731.2,6820.24,1157.09,773.11,0
37,Savers,72574.75,19805.65,0.2729,6589.29,8,52769.1,733.54,3,0.5118,safe,71.94,on_track,6589.29,2258.08,557.85,4532.25,1680.35,192.38,3545.82,1763.58,0
28,Savers,13219.83,2256.62,0.1707,771.69,3,10963.21,2256.62,29,1.1551,risky,4.86,critical,771.69,187.1,67.55,479.47,237.38,20.26,297.12,194.71,1.34
69,Savers,9432.97,3122.31,0.331,755.27,12,6310.66,120.09,4,0.3323,safe,52.55,on_track,755.27,282.93,91.73,584.36,302.36,29.5,395.97,206.18,474.01
171,Balanced,10782.39,7135.79,0.6618,1728.51,10,3646.6,419.75,13,1.1297,risky,8.69,critical,1728.51,608.59,1063.94,1020.31,623.56,420.07,660.3,411.16,599.35
82,Savers,48941.54,17614.06,0.3599,6312.59,12,31327.48,629.07,2,0.1113,caution,49.8,on_track,6312.59,1636.85,556.19,4605.12,1631.86,197.02,2578.45,1391.61,0
343,At-Risk,61848.59,59022.11,0.9543,18246.88,25,2826.48,7377.76,22,1.1091,risky,0.38,critical,8779.91,6887.59,18246.88,4925.14,1818.27,13992.8,552.97,636.05,3182.5
327,At-Risk,75682.91,71754.97,0.9481,23597.54,23,3927.94,4484.69,14,0.242,risky,0.88,critical,10617.2,7000.18,23597.54,5179.75,2241.58,13546.83,669.08,599.21,8303.6
339,At-Risk,29889.0,28260.05,0.9455,10051.56,32,1628.95,1177.5,6,1.3369,risky,1.38,critical,5884.92,2752.29,10051.56,2297.32,695.35,5099.92,269.44,235.82,973.43
364,At-Risk,23965.48,25966.6,1.0835,7912.71,31,-2001.12,1854.76,16,0.9492,risky,-1.08,critical,4950.3,2971.61,7912.71,1593.0,840.03,4660.0,300.84,273.23,2464.88
39,Savers,62441.49,22241.66,0.3562,5569.3,5,40199.83,1588.69,16,1.1967,caution,25.3,on_track,5569.3,2563.69,541.46,4391.84,2192.77,253.64,3483.49,1693.21,1552.26
136,Balanced,73383.33,41175.39,0.5611,11815.17,15,32207.94,41175.39,30,0.9066,risky,0.78,critical,11815.17,3842.43,8766.46,4978.93,3870.04,3415.01,3487.25,2470.17,0
138,Balanced,16336.34,8537.37,0.5226,1896.38,14,7798.97,776.12,19,0.749,risky,10.05,critical,1896.38,732.82,1389.68,1503.31,704.61,577.91,735.04,397.82,599.8
315,At-Risk,52917.64,60357.86,1.1406,19267.87,39,-7440.22,30178.93,28,0.3411,risky,-0.25,critical,11103.17,8393.63,19267.87,4490.27,1512.18,11428.78,575.14,714.78,2872.04
86,Savers,21250.72,4086.51,0.1923,1305.46,11,17164.21,151.35,3,0.6351,safe,113.41,on_track,1305.46,348.0,114.18,974.13,340.77,34.78,627.42,345.69,0
153,Balanced,48786.58,21144.1,0.4334,4763.09,19,27642.48,1321.51,14,1.1861,caution,20.92,on_track,4763.09,1821.9,3688.91,3015.56,1657.07,1538.07,2183.97,1071.74,1403.79
65,Savers,53278.37,9925.76,0.1863,2548.67,11,43352.61,620.36,14,1.0899,safe,69.88,on_track,2548.67,1169.76,254.38,2012.79,989.65,97.42,1248.97,917.06,687.06
141,Balanced,36298.9,19978.91,0.5504,4029.2,10,16319.99,768.42,4,0.7866,safe,21.24,on_track,4029.2,2175.46,3647.61,2741.13,1599.73,1509.21,1942.41,1174.64,1159.52
133,Balanced,25842.85,17560.22,0.6795,4427.37,16,8282.63,1254.3,16,0.5166,risky,6.6,critical,4427.37,1695.31,2876.56,2693.79,1456.33,1344.87,1527.83,940.79,597.37
27,Savers,48836.92,12409.46,0.2541,4407.59,6,36427.46,1551.18,22,1.2098,risky,23.48,at_risk,4407.59,1358.07,311.73,2903.55,1133.62,146.53,1983.42,1040.12,0
227,Impulsive,26169.5,19033.08,0.7273,6514.45,15,7136.42,9516.54,28,0.9708,risky,0.75,critical,4376.3,2037.88,6514.45,1846.97,805.44,3234.4,651.22,440.09,0
178,Balanced,14074.99,8656.12,0.615,1873.04,12,5418.87,1442.69,24,1.1571,risky,3.76,critical,1873.04,1022.47,1572.44,1445.39,753.64,525.21,736.44,481.47,246.02
190,Balanced,9530.92,4933.2,0.5176,1434.72,16,4597.72,352.37,16,0.4197,risky,13.05,at_risk,1434.72,448.92,868.8,635.98,412.67,361.48,522.38,246.55,1.7
360,At-Risk,49152.21,56928.09,1.1582,22162.24,25,-7775.88,3795.21,15,1.4691,risky,-2.05,critical,9252.42,5635.57,22162.24,3807.38,2046.65,11408.46,514.23,640.51,1460.63
104,Balanced,77221.91,32101.15,0.4157,8721.67,15,45120.76,4012.64,22,0.1925,risky,11.24,critical,8721.67,3182.72,5572.03,4640.74,2645.03,1910.31,2975.17,1331.66,1121.82
13,Savers,8242.45,2626.87,0.3187,664.89,11,5615.58,101.03,4,1.4989,safe,55.58,on_track,664.89,230.28,90.61,586.3,224.88,21.81,344.14,207.01,256.95
115,Balanced,69863.23,42847.12,0.6133,9300.02,9,27016.11,1862.92,7,0.4705,safe,14.5,on_track,9300.02,4505.85,8081.87,7304.15,2944.83,3216.12,3481.88,2526.44,1485.96
42,Savers,78821.06,23070.92,0.2927,7581.86,8,55750.14,961.29,6,1.062,safe,58.0,on_track,7581.86,2100.84,784.22,5257.49,2547.22,211.91,3594.62,2200.42,0
374,At-Risk,39776.28,44589.21,1.121,14520.86,35,-4812.93,1592.47,2,0.2174,risky,-3.02,critical,8921.69,5859.55,14520.86,3583.05,1271.08,8232.49,396.07,440.72,1363.7
285,Impulsive,30417.23,22530.04,0.7407,6027.3,26,7887.19,11265.02,28,1.2964,risky,0.7,critical,4307.47,2201.78,6027.3,1916.33,1138.55,4440.82,586.85,366.82,1544.12
49,Savers,45860.31,10281.88,0.2242,3697.71,5,35578.43,541.15,11,0.7432,safe,65.75,on_track,3697.71,1001.82,286.38,2546.34,1221.1,86.56,1523.78,792.4,0
172,Balanced,18774.19,10810.18,0.5758,2770.96,15,7964.01,5405.09,28,1.3449,risky,1.47,critical,2770.96,1128.72,1684.4,1525.01,765.55,831.86,1262.58,565.61,275.49
238,Impulsive,27774.44,20900.27,0.7525,5362.62,21,6874.17,908.71,7,1.0716,risky,7.56,at_risk,4689.68,2413.09,5362.62,2100.31,1188.42,3916.33,639.0,386.89,203.93
397,At-Risk,48088.7,57211.13,1.1897,21136.8,30,-9122.43,28605.56,28,1.2675,risky,-0.32,critical,9439.83,6024.51,21136.8,4209.87,1898.05,10455.95,594.71,495.94,2955.47
211,Impulsive,56694.76,42872.58,0.7562,11572.97,18,13822.18,5359.07,22,0.5587,risky,2.58,critical,9730.28,5004.14,11572.97,4638.19,1949.83,7582.63,1452.61,859.21,82.72
331,At-Risk,8472.83,9217.59,1.0879,2848.48,40,-744.76,400.76,7,0.3816,risky,-1.86,critical,1816.77,1068.34,2848.48,527.93,259.9,2121.4,103.46,81.57,389.74
376,At-Risk,20977.68,23851.62,1.137,8720.48,26,-2873.94,2168.33,19,0.6942,risky,-1.33,critical,4530.28,3400.44,8720.48,1906.7,597.19,4554.57,272.57,237.49,0
393,At-Risk,15729.08,19637.76,1.2485,8064.08,34,-3908.68,2805.39,23,1.3723,risky,-1.39,critical,3302.09,2239.43,8064.08,1103.35,621.84,4477.01,178.57,170.84,0
291,Impulsive,28564.21,23959.66,0.8388,8486.45,27,4604.55,7986.55,27,1.4619,risky,0.58,critical,5450.43,2660.15,8486.45,1985.19,1183.68,3546.86,630.29,544.66,0
204,Impulsive,8342.83,6406.46,0.7679,1990.92,30,1936.37,582.41,19,0.7144,risky,3.32,critical,1522.54,727.98,1990.92,722.24,309.9,1177.89,194.92,146.93,0
66,Savers,48443.52,16708.17,0.3449,5892.74,8,31735.35,1392.35,18,0.9672,caution,22.79,on_track,5892.74,1523.61,473.71,3955.57,1481.86,199.22,2450.78,1195.56,0
162,Balanced,49492.71,25468.95,0.5146,6533.8,20,24023.76,5093.79,25,0.7662,risky,4.72,critical,6533.8,2848.33,4071.93,3106.24,1813.26,1632.12,2832.9,1306.89,1323.48
109,Balanced,9276.46,4872.92,0.5253,1095.39,13,4403.54,4872.92,30,0.4691,risky,0.9,critical,1095.39,408.7,803.52,697.07,407.82,306.76,558.5,210.48,384.68
200,Balanced,14463.91,6262.87,0.433,1437.27,9,8201.04,329.62,11,0.9205,safe,24.88,on_track,1437.27,580.87,1330.98,779.43,434.91,416.56,684.4,319.04,279.41
199,Balanced,9401.92,6010.65,0.6393,1231.07,15,3391.27,1502.66,26,0.9765,risky,2.26,critical,1231.07,586.21,1047.15,781.27,464.31,485.0,565.3,285.55,564.79
237,Impulsive,53563.05,46931.94,0.8762,12241.63,28,6631.11,4693.19,20,1.1436,risky,1.41,critical,10106.58,3948.95,12241.63,4988.91,2446.24,9512.99,1307.62,1081.83,1297.19
375,At-Risk,66919.78,67281.15,1.0054,24791.96,34,-361.37,4485.41,15,1.1405,risky,-0.08,critical,13175.47,7112.03,24791.96,4007.4,2173.62,17617.5,554.3,574.99,0
287,Impulsive,9767.44,7371.49,0.7547,1769.24,30,2395.95,368.57,10,0.6457,risky,6.5,critical,1358.46,839.74,1769.24,691.12,364.03,1494.26,177.65,172.32,504.67
281,Impulsive,28718.47,23445.76,0.8164,6642.55,21,5272.71,2131.43,19,0.9737,risky,2.47,critical,4379.02,2749.57,6642.55,2117.35,947.13,4322.11,596.81,537.82,1153.4
30,Savers,47640.39,14706.59,0.3087,4995.36,11,32933.8,1050.47,16,0.4119,safe,31.35,on_track,4995.36,1498.82,396.59,3749.51,1613.99,155.16,2183.64,1063.2,0
79,Savers,36356.09,13735.33,0.3778,4245.47,12,22620.76,915.69,15,1.3797,caution,24.7,on_track,4245.47,1413.86,383.18,3275.0,1328.31,153.91,1743.16,888.23,304.21
387,At-Risk,20553.99,23795.35,1.1577,7455.24,21,-3241.36,2974.42,22,0.5158,risky,-1.09,critical,3689.49,2646.0,7455.24,1416.81,645.45,4274.15,207.92,243.9,3216.39
390,At-Risk,9606.52,11423.11,1.1891,3286.48,37,-1816.59,5711.56,28,1.0073,risky,-0.32,critical,1720.99,1416.52,3286.48,710.75,402.41,2655.14,104.08,92.42,1034.32
337,At-Risk,58780.06,57134.22,0.972,22971.53,29,1645.84,6348.25,21,0.4813,risky,0.26,critical,11716.22,7923.43,22971.53,3364.46,1896.52,11731.34,627.46,462.21,0
381,At-Risk,33655.73,31256.08,0.9287,10351.39,27,2399.65,2604.67,18,0.7177,risky,0.92,critical,5894.2,3838.93,10351.39,1808.98,1016.2,5983.15,275.64,372.73,1714.86
322,At-Risk,8759.4,9515.34,1.0863,3045.18,40,-755.94,634.36,15,0.751,risky,-1.19,critical,1900.26,1047.94,3045.18,777.72,307.15,1814.11,110.52,93.77,418.69
258,Impulsive,18097.22,15047.84,0.8315,4933.29,21,3049.38,1157.53,17,0.5419,risky,2.63,critical,2583.65,1228.16,4933.29,1662.17,671.66,3184.43,408.88,268.94,106.66
299,Impulsive,48500.5,39421.21,0.8128,11194.14,17,9079.29,2628.08,15,0.0911,risky,3.45,critical,7114.55,3265.45,11194.14,4620.5,1741.42,7396.55,1178.57,911.34,1998.69
154,Balanced,31419.61,20117.98,0.6403,5863.19,18,11301.63,1183.41,13,0.4974,risky,9.55,critical,5863.19,1697.45,3256.55,3216.5,1394.64,1471.73,2062.67,1064.25,91.0
371,At-Risk,10385.09,12060.21,1.1613,4772.32,39,-1675.12,670.01,12,1.4802,risky,-2.5,critical,1813.1,1400.21,4772.32,863.7,317.22,2442.26,144.08,143.6,163.72
294,Impulsive,11875.34,9771.03,0.8228,2526.78,16,2104.31,348.97,2,0.2309,caution,6.03,on_track,2101.48,878.89,2526.78,977.07,524.89,1949.29,274.19,232.13,306.31
89,Savers,40446.06,7106.37,0.1757,2374.41,11,33339.69,546.64,17,0.2431,safe,60.99,on_track,2374.41,825.47,236.17,1372.05,761.32,78.97,1095.98,555.0,0
328,At-Risk,30333.08,34904.28,1.1507,10640.18,32,-4571.2,11634.76,27,0.641,risky,-0.39,critical,7004.81,4320.81,10640.18,2864.99,876.71,7541.76,321.02,330.69,1003.31
232,Impulsive,13673.79,10624.53,0.777,2614.08,29,3049.26,393.5,3,0.6706,caution,7.75,on_track,2524.51,1123.36,2614.08,1021.35,474.92,1700.3,313.52,238.1,614.39
240,Impulsive,33529.73,25140.59,0.7498,7182.78,19,8389.14,8380.2,27,1.1765,risky,1.0,critical,4236.63,2068.17,7182.78,2279.73,1400.6,3716.3,900.09,539.7,2816.59
214,Impulsive,53014.18,45539.18,0.859,12580.54,26,7475.0,3794.93,18,0.9136,risky,1.97,critical,8081.23,4779.07,12580.54,4707.82,1828.26,8264.72,1639.1,1080.73,2577.71
353,At-Risk,56655.15,58791.05,1.0377,22912.45,38,-2135.9,9798.51,24,0.67,risky,-0.22,critical,8791.27,7381.7,22912.45,3745.35,1592.27,11651.24,644.69,612.33,1459.75
150,Balanced,26020.4,12390.91,0.4762,3213.96,13,13629.49,826.06,15,1.2232,risky,16.5,on_track,3213.96,1088.19,1879.73,1713.41,1169.24,809.15,1298.66,694.9,523.67
90,Savers,20211.33,2775.02,0.1373,879.52,7,17436.31,185.0,15,0.221,safe,94.25,on_track,879.52,319.03,76.09,623.82,233.39,30.67,473.84,253.19,0
94,Savers,36029.72,7332.05,0.2035,1924.5,3,28697.67,431.3,13,0.0653,caution,66.54,on_track,1924.5,782.54,245.16,1628.2,692.32,73.54,1299.27,596.91,89.61
33,Savers,77547.47,18394.26,0.2372,5486.59,11,59153.21,634.28,1,0.8878,safe,93.26,on_track,5486.59,1757.65,644.43,4320.09,2058.79,219.31,3006.56,1671.97,0
12,Savers,31027.73,4883.76,0.1574,1720.36,9,26143.97,305.24,14,1.0936,safe,85.65,on_track,1720.36,502.25,122.89,1062.68,543.98,47.49,822.67,342.32,0
166,Balanced,11969.94,7565.0,0.632,2168.19,12,4404.94,840.56,21,0.678,risky,5.24,critical,2168.19,680.75,1476.84,1283.85,668.5,566.88,753.31,389.96,0
250,Impulsive,57092.4,48608.47,0.8514,13356.65,15,8483.93,3472.03,16,0.3298,risky,2.44,critical,9732.73,5068.05,13356.65,4436.04,2845.24,9400.06,1389.08,1097.43,1283.19
16,Savers,13616.69,1677.58,0.1232,483.9,8,11939.11,1677.58,30,1.0046,risky,7.12,critical,483.9,197.39,53.5,379.35,173.05,17.21,205.31,111.77,56.1
358,At-Risk,8047.85,7280.09,0.9046,2262.06,26,767.76,728.01,20,1.0621,risky,1.05,critical,1282.08,766.36,2262.06,412.52,182.75,1462.79,85.57,77.36,748.6
73,Savers,32741.23,8617.49,0.2632,2648.93,7,24123.74,861.75,20,0.1554,caution,27.99,on_track,2648.93,803.03,296.59,1609.37,811.28,93.79,1378.11,758.42,217.97
91,Savers,37742.56,14089.3,0.3733,4877.09,8,23653.26,14089.3,30,1.0721,risky,1.68,critical,4877.09,1651.53,351.94,2994.13,1350.57,125.37,2006.85,1075.82,0
158,Balanced,43516.07,27532.62,0.6327,6744.32,20,15983.45,13766.31,28,0.5487,risky,1.16,critical,6744.32,2675.68,3973.52,3658.75,2007.32,2084.36,3079.26,1419.22,1890.19
202,Impulsive,9571.61,7694.62,0.8039,1850.23,24,1876.99,284.99,3,0.1733,caution,6.59,on_track,1264.69,869.15,1850.23,807.96,381.7,1156.57,193.63,135.85,1034.84
152,Balanced,42935.3,28088.27,0.6542,8418.8,19,14847.03,1040.31,3,1.1935,safe,14.27,on_track,8418.8,2449.22,5597.11,3415.95,2451.29,2314.57,2482.61,1571.64,0
289,Impulsive,75381.8,61496.47,0.8158,20727.82,23,13885.33,8785.21,23,0.2817,risky,1.58,critical,13494.43,7019.16,20727.82,5368.41,2816.04,10683.73,1945.92,1287.85,0
68,Savers,60971.78,10206.68,0.1674,2852.02,5,50765.1,392.56,4,0.0387,caution,129.32,on_track,2852.02,876.78,260.88,2605.22,817.69,91.89,1750.49,700.48,251.23
389,At-Risk,53023.57,67053.61,1.2646,25035.42,21,-14030.04,2682.14,5,0.1753,risky,-5.23,critical,14454.93,8782.02,25035.42,5486.61,1881.81,16519.51,566.55,664.9,0
365,At-Risk,14259.49,14039.89,0.9846,4892.8,20,219.6,501.42,2,0.5066,risky,0.44,critical,2621.14,1712.12,4892.8,907.21,426.91,2548.85,159.17,137.55,634.14
217,Impulsive,71319.53,58360.77,0.8183,16108.94,20,12958.76,7295.1,22,0.9817,risky,1.78,critical,11011.5,6204.02,16108.94,5972.05,2677.34,9118.23,1730.36,1279.7,4258.63
400,At-Risk,24668.17,27031.38,1.0958,11240.07,27,-2363.21,1351.57,10,0.1953,risky,-1.75,critical,4910.65,2990.34,11240.07,2077.22,687.22,5167.16,230.17,291.32,0
144,Balanced,21111.46,12751.32,0.604,2895.95,8,8360.14,554.41,7,1.1284,safe,15.08,on_track,2895.95,1491.48,2464.56,1744.67,1037.66,949.04,1111.59,726.93,329.44
122,Balanced,33520.92,13572.62,0.4049,2860.16,15,19948.3,646.32,9,0.169,safe,30.86,on_track,2860.16,1619.48,2232.54,2434.19,1104.62,947.77,1595.36,773.93,4.57
121,Balanced,26424.98,11259.68,0.4261,2986.4,8,15165.3,3753.23,27,0.7431,risky,4.04,critical,2986.4,1005.36,2220.24,1925.63,734.06,921.06,1088.98,639.01,0
147,Balanced,71856.13,30819.09,0.4289,8623.35,9,41037.04,1141.45,3,0.4624,safe,35.95,on_track,8623.35,3344.62,4619.99,3983.47,2674.29,2272.88,3377.35,1427.96,495.18
212,Impulsive,66706.48,58748.4,0.8807,16526.51,21,7958.08,29374.2,28,0.3377,risky,0.27,critical,11990.94,5307.71,16526.51,6652.36,2456.14,12002.95,1429.31,963.31,1419.17
176,Balanced,45625.6,26567.79,0.5823,6417.27,11,19057.81,6641.95,26,0.4901,risky,2.87,critical,6417.27,2871.25,3983.44,4043.46,2224.08,1694.2,2454.76,1334.4,1544.93
142,Balanced,14727.39,8344.54,0.5666,1891.98,9,6382.85,927.17,21,0.9748,risky,6.88,critical,1891.98,800.04,1425.75,1204.63,684.92,698.66,742.95,447.94,447.67
231,Impulsive,58285.81,47159.05,0.8091,15145.39,20,11126.76,3627.62,17,1.2778,risky,3.07,critical,8849.87,5355.44,15145.39,4825.96,2818.03,8097.73,1162.7,997.28,0
191,Balanced,16773.11,10068.9,0.6003,2264.64,13,6704.21,10068.9,30,0.4824,risky,0.67,critical,2264.64,1205.89,1844.05,1220.07,767.65,764.98,998.71,560.12,442.79
173,Balanced,19772.01,11185.03,0.5657,3314.4,20,8586.98,1597.86,23,1.2706,risky,5.37,critical,3314.4,1035.51,1723.25,1528.08,746.0,799.67,1163.25,583.32,291.55
307,At-Risk,37028.43,39542.66,1.0679,12881.28,38,-2514.23,3041.74,17,0.6479,risky,-0.83,critical,7302.49,4086.87,12881.28,2960.23,1422.29,9387.57,469.93,435.42,596.58
29,Savers,11113.68,1860.43,0.1674,601.87,11,9253.25,186.04,20,1.1329,safe,49.74,on_track,601.87,183.4,55.02,418.69,217.11,18.84,236.8,127.01,1.69
125,Balanced,9861.58,4467.3,0.453,1305.84,10,5394.28,319.09,16,1.1216,risky,16.91,at_risk,1305.84,516.03,890.91,721.1,377.21,367.83,423.06,198.42,0
100,Savers,8571.12,2420.48,0.2824,591.83,8,6150.64,134.47,12,0.1153,caution,45.74,on_track,591.02,200.15,75.67,591.83,229.11,25.94,346.06,198.85,161.85
184,Balanced,45348.55,19681.27,0.434,5336.88,9,25667.28,1789.21,19,0.2003,risky,14.35,at_risk,5336.88,1647.74,4139.6,3421.34,1586.95,1488.37,1867.75,1170.86,0
80,Savers,9746.85,1267.09,0.13,364.99,11,8479.76,97.47,17,1.1643,safe,87.0,on_track,364.99,105.35,31.57,320.07,139.17,13.35,168.9,112.68,11.01
348,At-Risk,33079.55,32814.91,0.992,9805.06,22,264.64,1312.6,5,0.6238,risky,0.2,critical,6308.49,3174.97,9805.06,2500.41,979.21,5982.61,319.84,392.49,3351.83
275,Impulsive,25622.79,20203.57,0.7885,7104.19,22,5419.22,6734.52,27,0.234,risky,0.8,critical,4438.57,2211.98,7104.19,1806.09,905.95,3185.94,549.23,360.3,0
272,Impulsive,27169.7,22719.3,0.8362,6692.45,25,4450.4,873.82,4,1.4351,caution,5.09,on_track,5385.49,1821.77,6692.45,1976.61,1138.8,3932.37,697.56,454.96,619.29
312,At-Risk,19255.64,21618.31,1.1227,7647.52,20,-2362.67,800.68,3,0.407,risky,-2.95,critical,4523.3,2137.73,7647.52,1332.11,699.53,4290.81,196.41,213.15,577.75
359,At-Risk,8345.55,9185.11,1.1006,3404.98,22,-839.56,1020.57,21,1.4929,risky,-0.82,critical,1827.82,963.23,3404.98,542.87,240.75,2265.8,84.3,97.75,0
235,Impulsive,29572.29,22084.59,0.7468,6605.29,27,7487.7,960.2,7,1.1721,caution,7.8,on_track,5118.11,2422.69,6605.29,2128.26,995.7,4486.98,581.95,374.69,0
169,Balanced,36309.35,23644.65,0.6512,5808.35,12,12664.7,875.73,3,0.3756,safe,14.46,on_track,5808.35,2829.64,4133.12,4249.93,2201.34,1908.13,2177.07,1359.29,0
385,At-Risk,25268.73,23489.81,0.9296,8285.96,36,1778.92,7829.94,27,0.687,risky,0.23,critical,4794.65,2907.52,8285.96,1746.73,785.54,4828.5,233.6,250.48,0
382,At-Risk,76907.15,89919.84,1.1692,29211.8,36,-13012.69,6916.91,17,0.7052,risky,-1.88,critical,17874.61,10805.77,29211.8,6100.34,2216.84,22931.19,853.45,882.08,0
246,Impulsive,8458.89,6342.48,0.7498,2221.35,23,2116.41,528.54,18,0.0371,risky,4.0,critical,1340.68,517.52,2221.35,732.09,302.08,1024.66,212.82,107.23,0
394,At-Risk,14674.06,15233.14,1.0381,6027.37,28,-559.08,761.66,10,1.2514,risky,-0.73,critical,2239.89,1684.6,6027.37,1091.6,450.31,3799.81,123.5,122.01,0
118,Balanced,42023.77,21789.32,0.5185,6091.0,20,20234.45,871.57,5,0.4314,safe,23.22,on_track,6091.0,1981.48,3328.86,3499.31,1659.26,1818.2,2456.42,1287.58,0
114,Balanced,49466.06,24693.46,0.4992,5848.29,15,24772.6,1175.88,9,1.1744,safe,21.07,on_track,5848.29,2641.02,5298.05,3828.03,2209.97,1884.34,2655.08,1000.9,0
298,Impulsive,59699.16,44678.85,0.7484,11239.0,21,15020.31,1718.42,4,0.9626,safe,8.74,on_track,8299.63,3652.54,11239.0,5250.3,1946.78,8553.33,1089.06,753.13,3895.08
81,Savers,31728.55,10978.08,0.346,2945.99,10,20750.47,731.87,15,1.1398,safe,28.35,on_track,2945.99,942.55,286.81,2122.72,1142.77,121.76,1818.11,932.88,664.49
303,At-Risk,69095.03,71540.99,1.0354,23637.23,24,-2445.96,71540.99,29,0.4505,risky,-0.03,critical,14137.19,10163.94,23637.23,4006.69,1746.74,15439.37,653.74,576.99,1179.1
346,At-Risk,34022.02,42500.31,1.2492,17792.35,37,-8478.29,1517.87,2,0.84,risky,-5.59,critical,8920.33,5327.48,17792.35,2987.43,1452.31,9659.47,484.93,350.61,0
383,At-Risk,72279.4,77223.31,1.0684,30270.5,22,-4943.91,4542.55,13,0.4326,risky,-1.09,critical,14572.69,10411.42,30270.5,6358.92,1914.18,20015.68,893.29,759.22,0
111,Balanced,41429.22,16144.97,0.3897,3445.23,12,25284.25,597.96,3,0.6755,safe,42.28,on_track,3445.23,1462.39,2750.07,2328.03,1056.65,927.24,1654.42,762.86,1758.08
9,Savers,17854.41,5831.25,0.3266,1399.9,12,12023.16,215.97,3,0.729,safe,55.67,on_track,1399.9,542.11,161.47,1036.29,683.21,48.0,1007.19,528.39,424.69
196,Balanced,47134.32,23119.38,0.4905,6880.01,17,24014.94,5779.85,26,0.9983,risky,4.15,critical,6880.01,2526.81,4056.4,3661.09,1840.08,1500.08,2503.54,1184.63,0
5,Savers,41129.01,15378.14,0.3739,4096.03,12,25750.87,15378.14,29,0.3189,risky,1.67,critical,4096.03,1429.73,443.11,3746.29,1264.66,127.1,2603.64,1380.36,287.22
269,Impulsive,8642.95,7331.81,0.8483,1887.5,27,1311.14,7331.81,30,0.921,risky,0.18,critical,1226.52,714.23,1887.5,605.34,325.79,1544.53,183.01,119.52,725.37
215,Impulsive,31212.96,24383.56,0.7812,6803.41,22,6829.4,24383.56,29,1.286,risky,0.28,critical,4440.7,2590.63,6803.41,2879.39,1293.04,3997.34,640.32,491.04,1247.69
265,Impulsive,68942.86,49962.89,0.7247,14578.15,27,18979.97,2775.72,12,1.1121,risky,6.84,critical,10706.29,5745.38,14578.15,5391.28,2427.15,8707.99,1761.74,992.11,0
367,At-Risk,57099.24,63471.52,1.1116,18215.95,23,-6372.28,2441.21,4,1.1988,risky,-2.61,critical,9927.07,8511.37,18215.95,4365.14,1653.32,12887.62,657.83,715.4,6537.82
139,Balanced,26087.92,17272.81,0.6621,4562.95,16,8815.11,1919.2,21,0.7859,risky,4.59,critical,4562.95,1720.78,2696.51,2896.62,1199.02,1315.65,1719.21,1007.66,154.41
67,Savers,9592.56,1442.72,0.1504,493.07,5,8149.84,360.68,26,0.1029,risky,22.6,at_risk,493.07,141.66,48.25,338.06,152.45,12.95,224.82,93.32,0
380,At-Risk,9539.52,10918.93,1.1446,4208.2,30,-1379.41,1819.82,24,0.7721,risky,-0.76,critical,1805.49,1369.23,4208.2,787.32,289.2,2592.47,117.25,114.45,0
126,Balanced,64967.0,40506.92,0.6235,11169.18,16,24460.08,5786.7,23,1.3759,risky,4.23,critical,11169.18,4540.01,8240.87,6712.47,3474.32,2944.16,4516.31,2046.01,0
266,Impulsive,58345.21,42247.77,0.7241,14494.63,18,16097.44,3249.83,17,0.9818,risky,4.95,critical,7545.5,4861.48,14494.63,4070.4,1849.63,6945.33,1373.47,942.78,164.55
229,Impulsive,14017.51,11254.66,0.8029,2916.39,26,2762.85,1125.47,20,1.0267,risky,2.45,critical,2649.32,1166.32,2916.39,1261.54,602.89,1957.79,294.59,214.27,191.55
261,Impulsive,14352.16,10561.75,0.7359,3372.72,28,3790.41,364.2,1,0.1918,safe,10.41,on_track,2380.16,984.45,3372.72,892.82,565.1,1836.18,314.19,218.91,0
52,Savers,8898.8,2966.86,0.3334,1049.22,10,5931.94,134.86,8,0.217,safe,43.99,on_track,1049.22,314.22,86.0,562.37,348.03,29.46,407.98,256.85,0
273,Impulsive,75515.54,62058.67,0.8218,19088.02,15,13456.87,4432.76,16,0.1013,risky,3.04,critical,14725.56,6845.0,19088.02,7350.82,3051.86,12376.83,1832.51,1284.28,0
336,At-Risk,53194.16,50092.94,0.9417,20154.55,24,3101.22,2177.95,7,0.6891,risky,1.42,critical,8957.12,5595.99,20154.55,3884.48,1261.29,10184.47,597.56,504.16,0
127,Balanced,8247.03,4610.91,0.5591,1186.25,16,3636.12,307.39,15,0.6802,risky,11.83,at_risk,1186.25,396.51,772.9,697.26,312.25,284.73,476.43,192.82,291.76
197,Balanced,16405.46,9889.21,0.6028,2153.58,13,6516.25,9889.21,30,0.9171,risky,0.66,critical,2153.58,791.85,1923.89,1526.6,902.14,767.24,1015.62,431.58,376.71
134,Balanced,50930.29,24910.0,0.4891,5353.7,8,26020.29,2075.83,18,0.6248,risky,12.53,critical,5353.7,2367.9,4940.1,3696.92,2271.27,1604.72,2697.83,1397.84,579.72
193,Balanced,11056.2,7506.05,0.6789,2238.8,13,3550.15,7506.05,30,1.0552,risky,0.47,critical,2238.8,717.1,1586.29,1347.28,522.11,470.05,695.96,411.05,0
170,Balanced,30974.11,17565.42,0.5671,4611.98,17,13408.69,798.43,8,0.6676,safe,16.79,on_track,4611.98,1915.33,3484.57,2560.23,1175.45,1030.48,1555.19,730.0,502.19
20,Savers,18734.02,3360.88,0.1794,1029.11,12,15373.14,280.07,18,0.1912,safe,54.89,on_track,1029.11,326.37,102.67,594.37,278.99,38.11,581.39,312.31,97.56
330,At-Risk,28124.64,33009.89,1.1737,12123.02,39,-4885.25,1500.45,8,1.4689,risky,-3.26,critical,6120.37,4142.28,12123.02,2307.36,1081.08,8502.86,329.8,370.76,0
25,Savers,72484.57,27522.39,0.3797,7256.12,11,44962.18,1376.12,10,0.4893,safe,32.67,on_track,7256.12,2676.6,701.7,7142.09,3215.46,319.26,4331.73,2345.69,0
306,At-Risk,23448.46,27474.56,1.1717,11238.8,40,-4026.1,13737.28,28,0.0172,risky,-0.29,critical,5499.55,3797.81,11238.8,1872.68,966.09,5644.0,233.04,304.46,0
305,At-Risk,15096.95,17289.03,1.1452,7062.63,38,-2192.08,5763.01,27,0.8929,risky,-0.38,critical,2987.29,2260.23,7062.63,1352.02,450.81,4160.01,195.41,186.0,0
78,Savers,19906.15,6294.32,0.3162,1601.26,8,13611.83,233.12,3,1.1131,safe,58.39,on_track,1601.26,628.77,193.27,1346.34,536.07,67.17,956.45,449.18,515.81
395,At-Risk,38359.36,42724.66,1.1138,17386.85,31,-4365.3,3884.06,19,0.6541,risky,-1.12,critical,6704.13,4159.9,17386.85,3307.41,1278.18,9943.79,507.68,444.15,0
84,Savers,15893.74,3676.22,0.2313,937.89,10,12217.52,245.08,15,0.9147,safe,49.85,on_track,909.59,309.32,95.84,937.89,344.6,33.05,598.71,294.63,152.59
243,Impulsive,19985.32,17361.25,0.8687,5588.92,19,2624.07,723.39,6,0.3825,risky,3.63,critical,3024.23,1509.59,5588.92,1745.74,825.42,2733.74,505.94,355.09,1072.58
377,At-Risk,10920.07,12385.54,1.1342,4472.73,21,-1465.47,884.68,16,0.7563,risky,-1.66,critical,2075.39,1540.82,4472.73,745.25,382.52,3151.88,99.34,147.64,0
98,Savers,42979.59,13968.37,0.325,3490.88,7,29011.22,698.42,10,1.0765,safe,41.54,on_track,3490.88,1354.65,352.44,2987.74,1673.47,130.07,1827.45,1025.29,1126.38
46,Savers,57801.56,5803.28,0.1004,1806.31,12,51998.28,725.41,22,0.2967,safe,71.68,on_track,1806.31,531.87,187.15,1139.59,628.37,67.87,941.17,455.73,45.22
293,Impulsive,68502.23,51815.09,0.7564,17954.05,23,16687.14,4710.46,19,1.1837,risky,3.54,critical,9114.17,4596.6,17954.05,4379.26,2728.49,10683.41,1445.34,898.42,15.35
277,Impulsive,62726.4,46837.8,0.7467,15733.4,18,15888.6,6691.11,23,0.4735,risky,2.37,critical,7696.94,4760.16,15733.4,4688.42,2242.33,8357.69,1509.87,814.9,1034.09
255,Impulsive,41256.92,32151.52,0.7793,9568.11,23,9105.4,16075.76,28,1.3369,risky,0.57,critical,5997.06,3568.52,9568.11,3198.4,1356.04,5660.78,1020.7,535.51,1246.4
18,Savers,11517.08,2320.69,0.2015,789.15,4,9196.39,2320.69,29,0.1731,risky,3.96,critical,789.15,250.96,78.45,533.36,277.3,21.34,369.54,149.11,0
213,Impulsive,15421.75,11533.93,0.7479,3830.52,24,3887.82,1647.7,23,0.9641,risky,2.36,critical,2565.43,1343.25,3830.52,1221.38,600.03,1668.28,277.99,207.83,0
14,Savers,11875.99,4499.81,0.3789,1169.76,10,7376.18,224.99,10,1.436,safe,32.78,on_track,1169.76,447.4,161.2,876.61,432.17,40.77,555.81,342.56,473.53
295,Impulsive,74995.19,53126.59,0.7084,17777.61,19,21868.6,2529.84,9,0.728,risky,8.64,at_risk,12672.5,5961.92,17777.61,5182.43,2330.1,10544.68,1714.45,1002.25,0
26,Savers,29652.95,4676.27,0.1577,1335.06,12,24976.68,467.63,20,0.6975,safe,53.41,on_track,1335.06,514.04,129.28,894.64,480.55,41.34,675.09,424.04,182.23
349,At-Risk,52978.07,62657.16,1.1827,21529.95,35,-9679.09,31328.58,28,1.0682,risky,-0.31,critical,11834.3,8481.49,21529.95,4183.74,1673.5,13366.21,607.72,503.12,477.13
352,At-Risk,28052.19,35505.66,1.2657,10117.18,25,-7453.47,3227.79,19,1.4855,risky,-2.31,critical,5852.15,4685.77,10117.18,2711.04,1092.31,9132.48,292.77,351.24,1270.72
242,Impulsive,43914.76,37867.7,0.8623,9332.73,26,6047.06,7573.54,25,1.1077,risky,0.8,critical,8984.74,3337.03,9332.73,4345.47,2166.37,7480.55,1110.16,674.21,436.44
323,At-Risk,20008.58,24960.7,1.2475,8434.18,28,-4952.12,1313.72,11,1.3608,risky,-3.77,critical,3837.51,2610.54,8434.18,1810.37,812.51,5383.47,219.85,245.08,1607.19
372,At-Risk,61262.63,72565.59,1.1845,22286.39,21,-11302.96,2591.63,2,0.4276,risky,-4.36,critical,11893.7,9353.1,22286.39,6031.66,2154.69,17858.53,631.7,775.04,1580.78
128,Balanced,65970.19,37352.32,0.5662,9983.41,19,28617.87,1383.42,3,0.0904,caution,20.69,on_track,9983.41,3448.62,5437.28,5052.55,2394.15,2319.63,3097.3,1810.61,3808.77
251,Impulsive,51138.64,43329.77,0.8473,11948.91,19,7808.87,1666.53,4,0.8591,caution,4.69,on_track,9130.61,5139.54,11948.91,4969.3,2294.69,9006.63,1537.72,697.14,0
129,Balanced,11944.55,6304.33,0.5278,1374.33,14,5640.22,370.84,13,1.4462,caution,15.21,on_track,1374.33,538.5,1199.02,1032.38,597.91,419.14,729.12,308.73,105.2
274,Impulsive,19092.22,13988.87,0.7327,4224.37,17,5103.35,1165.74,18,0.7148,risky,4.38,critical,3307.47,1584.76,4224.37,1258.02,585.58,2024.19,448.82,315.71,239.95
392,At-Risk,52611.73,49854.88,0.9476,20887.38,24,2756.85,16618.29,27,0.1291,risky,0.17,critical,8773.65,5476.78,20887.38,3916.54,1777.04,12300.41,483.36,577.6,0
233,Impulsive,11922.68,9646.64,0.8091,2356.67,21,2276.04,1071.85,21,1.4255,risky,2.12,critical,1854.81,1090.42,2356.67,1077.25,571.69,1770.5,305.32,223.04,396.94
76,Savers,61163.19,13388.62,0.2189,3807.81,4,47774.57,637.55,9,0.636,safe,74.93,on_track,3807.81,1457.54,346.62,3271.66,1375.06,140.2,1674.88,879.41,435.44
270,Impulsive,62875.26,53557.15,0.8518,13980.16,22,9318.11,5355.72,20,0.0541,risky,1.74,critical,11883.73,4307.52,13980.16,6106.73,3139.26,9618.57,1618.38,940.35,1962.45
262,Impulsive,59867.1,47259.09,0.7894,11659.26,24,12608.01,1750.34,3,0.9098,caution,7.2,on_track,9725.05,4121.06,11659.26,5592.15,2456.87,7684.08,1453.84,763.19,3803.59
249,Impulsive,8711.97,6291.78,0.7222,2197.83,15,2420.19,699.09,21,0.0949,risky,3.46,critical,1420.24,616.88,2197.83,605.13,291.49,1090.68,180.41,106.62,0
208,Impulsive,33534.72,25469.62,0.7595,7558.51,25,8065.1,3638.52,23,1.1186,risky,2.22,critical,5240.68,2448.11,7558.51,2667.43,1365.59,3983.41,734.05,488.16,983.68
296,Impulsive,46621.47,37413.73,0.8025,11419.96,19,9207.74,2494.25,15,0.395,risky,3.69,critical,7682.39,3694.07,11419.96,4291.6,1944.53,6259.5,1284.29,646.61,190.78
183,Balanced,14355.1,9257.6,0.6449,2352.86,12,5097.5,356.06,4,1.4747,safe,14.32,on_track,2352.86,976.1,1795.32,1116.24,691.73,715.15,879.94,506.96,223.3
205,Impulsive,9579.22,7952.67,0.8302,2401.85,20,1626.55,345.77,7,0.1893,risky,4.7,critical,1635.85,948.83,2401.85,683.12,469.09,1472.41,233.72,187.62,0
140,Balanced,11780.75,7142.67,0.6063,1723.09,18,4638.08,7142.67,30,0.7248,risky,0.65,critical,1723.09,812.13,1147.56,1160.19,459.22,501.13,678.04,373.97,287.34
362,At-Risk,38828.23,45157.23,1.163,14328.44,33,-6329.0,2656.31,13,1.1714,risky,-2.38,critical,8663.49,6295.9,14328.44,3255.38,1363.05,10729.58,531.03,449.89,0
256,Impulsive,15369.11,12894.68,0.839,3123.55,23,2474.43,1074.56,18,0.8095,risky,2.3,critical,2140.93,1047.66,3123.55,1331.71,620.27,2327.71,400.77,299.81,1602.27
329,At-Risk,57558.22,59434.62,1.0326,19380.99,36,-1876.4,2201.28,3,1.033,risky,-0.85,critical,12236.24,6304.38,19380.99,3676.23,1467.93,12624.55,611.31,708.31,2424.68
120,Balanced,13472.42,7125.56,0.5289,1496.76,15,6346.86,791.73,21,1.4459,risky,8.02,critical,1496.76,789.73,1028.74,1090.36,667.89,480.22,836.55,410.2,325.11
63,Savers,31958.71,6139.27,0.1921,2182.8,8,25819.44,227.38,3,0.0209,caution,113.55,on_track,2182.8,525.71,218.6,1602.67,702.37,68.87,1003.48,585.43,0
207,Impulsive,11146.2,9138.77,0.8199,2647.8,18,2007.43,2284.69,26,0.8035,risky,0.88,critical,1768.97,946.02,2647.8,1008.33,537.3,1413.5,320.76,187.36,308.73
369,At-Risk,8482.98,7999.45,0.943,2859.62,25,483.53,275.84,1,0.1211,caution,1.75,on_track,1552.96,1123.38,2859.62,457.09,201.58,1716.7,91.11,83.59,0
174,Balanced,25465.35,14303.89,0.5617,3421.13,9,11161.46,1100.3,17,0.0181,risky,10.14,critical,3421.13,1514.02,2866.98,2397.71,1025.0,955.57,1282.25,754.7,86.53
102,Balanced,39803.39,16892.56,0.4244,3670.17,16,22910.83,1407.71,18,0.4499,risky,16.28,at_risk,3670.17,1833.43,3645.46,2848.61,1604.15,1412.62,1802.67,915.42,0
187,Balanced,56967.92,36094.87,0.6336,7548.21,14,20873.05,18047.44,28,1.1221,risky,1.16,critical,7548.21,3245.97,6122.18,5443.38,3092.24,2284.25,4317.92,1466.23,2574.49
378,At-Risk,46091.31,50387.02,1.0932,17299.97,29,-4295.71,2290.32,8,0.1361,risky,-1.88,critical,10235.27,6187.9,17299.97,2839.2,1651.76,9934.56,594.55,429.84,1213.97
87,Savers,23218.77,4560.17,0.1964,1281.44,11,18658.6,1520.06,27,0.7898,risky,12.27,critical,1281.44,504.57,152.57,879.64,547.22,45.74,589.61,335.01,224.37
53,Savers,21296.81,5428.56,0.2549,1865.71,7,15868.25,1809.52,27,1.4984,risky,8.77,critical,1865.71,494.27,183.74,1332.82,524.39,49.57,955.72,435.63,0
206,Impulsive,37489.0,30366.09,0.81,7826.72,25,7122.91,15183.05,28,0.6872,risky,0.47,critical,6856.82,2817.67,7826.72,3312.46,1704.96,5673.7,760.5,621.01,792.25
290,Impulsive,8608.6,7320.75,0.8504,2004.81,28,1287.85,366.04,10,0.7476,risky,3.52,critical,1740.78,714.04,2004.81,588.06,306.04,1120.1,176.99,129.85,540.08
74,Savers,61105.73,17354.03,0.284,4390.33,12,43751.7,1735.4,20,0.8351,caution,25.21,on_track,4390.33,1975.15,592.5,3615.63,1917.69,206.48,2680.26,1558.93,417.06
62,Savers,31788.32,3944.93,0.1241,1300.63,7,27843.39,3944.93,30,0.7228,risky,7.06,critical,1300.63,343.31,137.92,740.19,400.71,44.66,703.34,319.49,0
44,Savers,11288.46,2357.03,0.2088,743.72,12,8931.43,235.7,20,0.3385,safe,37.89,on_track,743.72,193.62,59.92,445.78,241.63,26.06,325.81,225.82,94.67
268,Impulsive,34862.1,28848.39,0.8275,7401.58,27,6013.71,7212.1,26,0.8259,risky,0.83,critical,5534.57,2445.29,7401.58,2573.01,1605.76,5948.42,1020.97,484.72,1834.07
225,Impulsive,10046.34,8069.22,0.8032,2418.58,20,1977.12,288.19,2,1.3655,caution,6.86,on_track,1797.67,896.64,2418.58,913.92,479.82,1515.79,228.32,155.56,0
203,Impulsive,44947.94,38372.06,0.8537,10993.72,23,6575.88,3488.37,19,1.1284,risky,1.89,critical,8109.91,3655.24,10993.72,3356.15,1569.12,6550.63,1123.41,694.81,2319.07
54,Savers,52439.95,12019.24,0.2292,3364.1,9,40420.71,429.26,2,0.7095,safe,94.16,on_track,3364.1,1328.31,322.9,2514.36,1410.03,114.57,2069.43,1146.45,0
252,Impulsive,46205.89,40023.54,0.8662,13945.22,23,6182.35,1740.15,7,1.0065,risky,3.55,critical,8799.72,3862.52,13945.22,4235.98,2011.23,6754.27,1037.87,711.07,0
7,Savers,8611.37,1278.79,0.1485,398.43,4,7332.58,159.85,22,1.1263,safe,45.87,on_track,398.43,121.98,45.15,292.12,126.24,13.71,172.75,104.48,3.93
92,Savers,32496.57,4468.28,0.1375,1517.3,5,28028.29,372.36,18,0.9133,safe,75.27,on_track,1517.3,481.87,111.49,840.99,483.56,40.32,656.46,286.72,49.57
189,Balanced,8087.2,3495.29,0.4322,854.05,17,4591.91,218.46,14,0.5925,caution,21.02,on_track,854.05,297.63,731.09,593.37,260.78,199.91,344.08,151.56,62.82
386,At-Risk,59166.9,67769.77,1.1454,23569.92,25,-8602.87,9681.4,23,0.2734,risky,-0.89,critical,11027.53,9009.85,23569.92,3884.9,1913.65,17716.63,665.75,587.26,0
36,Savers,49289.83,15467.15,0.3138,4839.2,9,33822.68,909.83,13,0.2975,safe,37.17,on_track,4839.2,1700.1,375.98,2878.11,1744.26,143.04,2751.35,1043.4,0
97,Savers,40812.96,12676.51,0.3106,3585.38,9,28136.45,667.18,11,0.7443,safe,42.17,on_track,3585.38,1410.05,439.54,3196.89,1182.43,139.1,1615.86,960.58,146.68
220,Impulsive,15820.73,11205.82,0.7083,3729.58,28,4614.91,659.17,13,0.7161,risky,7.0,critical,1980.64,967.48,3729.58,1248.42,622.99,2078.59,286.34,218.17,73.61
149,Balanced,10899.38,6369.6,0.5844,1428.54,12,4529.78,398.1,14,1.174,risky,11.38,at_risk,1428.54,642.34,1231.52,829.13,462.47,404.57,546.75,276.08,548.2
325,At-Risk,76911.33,89940.11,1.1694,34868.16,24,-13028.78,3910.44,7,1.1481,risky,-3.33,critical,13887.81,9964.19,34868.16,6875.43,3195.72,16235.57,823.41,784.53,3305.29
284,Impulsive,19549.95,16713.25,0.8549,4171.76,27,2836.7,1285.63,17,0.1249,risky,2.21,critical,3610.99,1405.92,4171.76,1379.71,962.25,2607.56,511.11,270.94,1793.01
116,Balanced,16716.64,7676.28,0.4592,2004.64,15,9040.36,590.48,17,1.435,risky,15.31,at_risk,2004.64,758.91,1574.28,1256.18,664.65,541.36,786.32,460.29,0
228,Impulsive,27290.33,21581.19,0.7908,5420.21,30,5709.14,5395.3,26,1.3292,risky,1.06,critical,4969.67,1884.36,5420.21,2072.47,1278.6,4374.02,588.35,411.89,581.62
160,Balanced,58034.05,24687.68,0.4254,5691.45,18,33346.37,2057.31,18,0.9679,risky,16.21,at_risk,5691.45,2155.77,4787.62,3719.19,1910.42,1477.81,2353.93,1079.22,1512.27
234,Impulsive,32903.73,28912.51,0.8787,9601.55,15,3991.22,1521.71,11,0.9505,risky,2.62,critical,5393.85,3141.82,9601.55,2733.15,1418.18,5412.32,727.71,615.01,0
146,Balanced,9748.35,6190.2,0.635,1714.07,13,3558.15,515.85,18,0.6478,risky,6.9,critical,1714.07,731.65,1068.2,1030.13,402.04,394.03,740.99,308.35,0
198,Balanced,58498.65,31384.53,0.5365,6521.1,13,27114.12,2092.3,15,0.3145,risky,12.96,at_risk,6521.1,2946.14,5241.38,4964.13,2975.84,2479.58,3351.9,1713.15,1191.31
60,Savers,52213.37,6772.07,0.1297,1917.0,3,45441.3,6772.07,30,0.7451,risky,6.71,critical,1917.0,621.91,163.19,1608.61,547.71,77.61,1149.91,519.19,166.94
253,Impulsive,76454.03,68166.41,0.8916,20133.07,25,8287.62,3787.02,12,0.9832,risky,2.19,critical,16328.93,6245.82,20133.07,5636.99,2860.54,12513.71,2229.52,1356.34,861.49
168,Balanced,65545.18,45776.75,0.6984,11419.99,20,19768.43,1634.88,2,0.9393,safe,12.09,on_track,11419.99,4253.33,7526.55,6996.46,3121.01,3656.09,5105.58,2649.7,1048.04
43,Savers,15468.8,5943.11,0.3842,1923.73,5,9525.69,212.25,2,1.2926,safe,44.88,on_track,1923.73,505.47,176.11,1500.19,592.14,58.02,1024.37,489.53,0
21,Savers,27375.82,10528.74,0.3846,2577.3,5,16847.08,10528.74,30,1.2969,risky,1.6,critical,2577.3,992.99,363.21,2485.01,1123.18,125.24,1486.88,862.48,512.45
286,Impulsive,54524.65,42970.88,0.7881,15312.46,24,11553.77,42970.88,30,0.8095,risky,0.27,critical,8404.57,3741.97,15312.46,4464.82,2261.17,8346.18,1359.18,881.41,0
148,Balanced,32136.16,13352.57,0.4155,3245.98,14,18783.59,460.43,1,0.5817,safe,40.8,on_track,3245.98,1365.69,2415.42,1685.06,892.86,954.95,1387.02,743.59,662.0
185,Balanced,37421.78,21019.81,0.5617,6230.73,12,16401.97,955.45,8,0.3041,safe,17.17,on_track,6230.73,1880.66,3421.84,2919.66,1883.92,1589.52,2299.86,974.5,0
254,Impulsive,9140.55,6359.99,0.6958,1776.99,20,2780.56,219.31,1,1.1785,safe,12.68,on_track,1264.8,685.21,1776.99,547.57,326.5,1217.8,214.28,150.54,176.3
70,Savers,57040.76,19205.62,0.3367,5811.12,10,37835.14,711.32,3,0.4832,safe,53.19,on_track,5811.12,1888.33,619.06,5009.48,1583.18,191.31,2856.62,1475.99,0
267,Impulsive,27906.14,19980.8,0.716,5421.92,30,7925.34,832.53,6,0.8324,caution,9.52,on_track,4132.62,2049.77,5421.92,2087.5,1195.57,3648.49,574.84,352.25,517.84
57,Savers,56861.58,6885.94,0.1211,2413.6,7,49975.64,6885.94,29,0.4866,risky,7.26,critical,2413.6,825.6,237.36,1664.44,670.41,67.31,866.99,580.35,0
239,Impulsive,34054.3,25111.64,0.7374,6562.61,28,8942.66,3138.95,22,1.2621,risky,2.85,critical,5976.93,2648.65,6562.61,2722.46,1386.55,4596.92,772.12,518.87,0
373,At-Risk,40776.25,46921.23,1.1507,13823.88,27,-6144.98,7820.21,24,0.8696,risky,-0.79,critical,8287.54,5714.69,13823.88,2835.23,1142.47,8474.73,472.01,388.67,5782.01
161,Balanced,17994.21,9472.15,0.5264,2192.4,16,8522.06,1052.46,21,1.027,risky,8.1,critical,2192.4,928.65,1400.55,1340.71,609.12,566.65,1066.65,561.48,805.94
396,At-Risk,30535.95,33076.54,1.0832,11634.79,24,-2540.59,1837.59,12,0.409,risky,-1.38,critical,5047.81,4517.38,11634.79,2003.11,817.06,7495.91,306.91,380.82,872.75
209,Impulsive,33764.38,24367.75,0.7217,6668.03,29,9396.63,4873.55,25,0.4041,risky,1.93,critical,4489.62,2628.0,6668.03,2045.15,1398.17,4371.49,624.12,579.8,1563.37
117,Balanced,53330.36,26318.53,0.4935,7295.47,11,27011.83,1315.93,10,1.0574,safe,20.53,on_track,7295.47,2864.43,5008.9,4253.04,2198.19,1615.52,2365.0,1346.5,0
264,Impulsive,38512.05,27127.89,0.7044,8738.55,18,11384.16,1004.74,3,0.1955,safe,11.33,on_track,6313.94,2827.28,8738.55,2362.75,1574.29,5520.77,846.33,624.54,0
340,At-Risk,47709.99,49379.84,1.035,18464.2,34,-1669.85,1899.22,4,1.0267,risky,-0.88,critical,9645.3,7048.32,18464.2,3810.19,1461.07,11009.07,421.07,555.59,0
399,At-Risk,20155.96,22417.46,1.1122,8932.23,24,-2261.5,22417.46,30,0.5223,risky,-0.1,critical,4765.5,2907.74,8932.23,1759.15,650.29,5351.14,261.48,189.79,0
195,Balanced,60835.15,27095.98,0.4454,7908.72,13,33739.17,1003.55,3,1.4129,safe,33.62,on_track,7908.72,3082.75,4533.11,3287.14,2242.77,2213.26,3006.97,1542.56,0
182,Balanced,26927.61,14495.13,0.5383,3189.9,11,12432.48,2415.86,24,1.1407,risky,5.15,critical,3189.9,1486.51,2404.47,2281.0,1142.88,1051.87,1445.66,803.79,689.05
93,Savers,38112.55,6883.13,0.1806,1692.31,11,31229.42,625.74,19,0.2154,safe,49.91,on_track,1691.39,666.24,214.48,1692.31,676.51,55.52,871.76,639.89,375.03
55,Savers,43335.5,13000.65,0.3,4650.31,11,30334.85,13000.65,30,1.0837,risky,2.33,critical,4650.31,1297.64,448.4,2330.47,1301.26,126.9,2020.44,1193.86,0
226,Impulsive,42281.47,30024.07,0.7101,10215.03,23,12257.4,3336.01,21,1.483,risky,3.67,critical,6982.11,2581.04,10215.03,2510.11,1508.23,5769.71,981.27,504.71,0
368,At-Risk,13567.99,13002.2,0.9583,4983.87,26,565.79,2600.44,25,0.2602,risky,0.22,critical,2654.85,1323.6,4983.87,977.17,397.23,2748.36,120.74,154.19,0
302,At-Risk,65637.37,65000.69,0.9903,22231.65,33,636.68,21666.9,27,0.9126,risky,0.03,critical,14032.82,7223.36,22231.65,5444.52,1813.25,13455.44,616.65,718.7,0
188,Balanced,13852.53,6089.57,0.4396,1291.87,9,7762.96,553.6,19,1.3761,risky,14.02,critical,1291.87,502.19,1219.31,811.97,428.34,409.32,654.33,357.77,414.47
244,Impulsive,28595.98,24186.48,0.8458,7537.13,17,4409.5,6046.62,26,0.7881,risky,0.73,critical,5666.66,2539.94,7537.13,2750.62,1113.14,4830.13,809.74,493.44,0
398,At-Risk,26257.51,29715.62,1.1317,9783.22,25,-3458.11,1142.91,4,0.7551,risky,-3.03,critical,5422.45,3048.04,9783.22,1898.22,990.89,5605.77,286.7,347.19,2333.14
110,Balanced,17484.39,9602.43,0.5492,2216.76,15,7881.96,960.24,20,0.9814,risky,8.21,critical,2216.76,777.1,2036.26,1443.5,911.6,595.58,903.74,393.8,324.09
351,At-Risk,58122.71,63121.26,1.086,18363.96,35,-4998.55,4208.08,15,0.7038,risky,-1.19,critical,13454.27,8477.74,18363.96,4087.1,1554.88,14629.27,591.71,701.54,1260.79
3,Savers,32685.54,10214.23,0.3125,3644.17,3,22471.31,1276.78,22,0.4341,risky,17.6,at_risk,3644.17,971.8,315.91,2293.91,1156.01,110.5,1604.77,935.36,0
276,Impulsive,8479.51,6283.32,0.741,1512.99,23,2196.19,448.81,16,1.1464,risky,4.89,critical,1252.98,743.44,1512.99,715.8,297.98,1292.54,174.58,145.68,147.33
88,Savers,33516.71,9431.6,0.2814,2438.17,6,24085.11,628.77,15,1.1286,safe,38.31,on_track,2438.17,822.75,231.3,2235.01,990.22,89.2,1642.6,821.28,161.07
145,Balanced,53648.62,26250.27,0.4893,6737.65,9,27398.35,2019.25,17,0.5188,risky,13.57,at_risk,6737.65,2991.95,5059.65,4001.43,2002.45,2013.73,2930.05,1411.9,0
99,Savers,19207.88,3737.85,0.1946,1287.33,8,15470.03,287.53,17,1.0191,safe,53.8,on_track,1287.33,351.74,93.07,986.18,340.08,39.43,668.33,352.6,0
112,Balanced,62713.3,43692.36,0.6967,9257.59,16,19020.94,2570.14,13,0.068,risky,7.4,critical,9257.59,5199.54,7530.86,7326.94,3270.41,3595.47,4814.84,1921.64,775.07
271,Impulsive,18895.17,16176.16,0.8561,4657.63,24,2719.01,2696.03,24,1.3725,risky,1.01,critical,2945.27,1556.44,4657.63,1423.7,652.02,3109.31,524.81,377.77,929.21
8,Savers,24338.63,5481.06,0.2252,1942.81,11,18857.57,548.11,20,0.5609,safe,34.4,on_track,1942.81,630.51,188.8,1091.71,548.23,50.39,716.48,510.86,0
361,At-Risk,18492.72,17786.3,0.9618,6894.31,38,706.42,2964.38,24,0.6688,risky,0.24,critical,2745.47,2256.73,6894.31,1450.53,579.56,3472.21,149.64,147.48,90.37
51,Savers,47882.77,14977.73,0.3128,4581.78,5,32905.04,748.89,10,0.8284,safe,43.94,on_track,4581.78,1754.0,468.9,3213.54,1616.55,134.16,1906.45,1424.99,0
35,Savers,57250.05,21056.57,0.3678,5226.96,10,36193.48,2632.07,22,1.4216,risky,13.75,critical,5226.96,2490.81,662.36,3780.55,1710.66,188.54,2839.2,1913.1,2244.39
292,Impulsive,16463.18,14278.52,0.8673,3768.12,25,2184.66,594.94,6,0.0633,risky,3.67,critical,3420.6,1195.95,3768.12,1522.67,630.67,2812.06,409.36,338.25,180.84
259,Impulsive,53440.14,44654.58,0.8356,11270.24,27,8785.56,4961.62,21,0.8815,risky,1.77,critical,9461.5,4704.03,11270.24,4060.88,2448.78,9543.92,1381.77,918.16,865.3
124,Balanced,8739.12,3798.02,0.4346,853.81,18,4941.1,211.0,12,0.0932,caution,23.42,on_track,853.81,343.46,611.32,627.53,359.02,244.8,413.66,152.79,191.63
314,At-Risk,8159.01,9821.0,1.2037,3773.37,28,-1661.99,2455.25,26,0.3865,risky,-0.68,critical,1760.66,1265.41,3773.37,647.7,271.33,1744.37,117.69,117.01,123.46
257,Impulsive,16292.37,12359.39,0.7586,3397.84,20,3932.98,2471.88,25,0.6693,risky,1.59,critical,2702.48,1241.09,3397.84,1184.91,618.51,2193.28,394.91,281.59,344.78
83,Savers,44586.36,5332.53,0.1196,1339.88,3,39253.83,355.5,15,0.8575,safe,110.42,on_track,1328.91,610.95,163.45,1339.88,557.78,59.55,802.14,420.24,49.63
181,Balanced,16746.31,10009.27,0.5977,2079.81,9,6737.04,10009.27,29,0.4235,risky,0.67,critical,2079.81,950.0,1803.14,1742.78,698.04,785.94,1193.67,591.36,164.53
179,Balanced,9340.04,4908.19,0.5255,1110.7,10,4431.85,233.72,9,1.3414,safe,18.96,on_track,1110.7,584.08,928.54,735.09,394.35,282.48,561.37,212.71,98.87
297,Impulsive,28448.95,24119.02,0.8478,8344.02,27,4329.93,1048.65,7,0.7463,risky,4.13,critical,5274.65,2280.77,8344.02,2527.86,1119.46,4549.35,597.19,572.52,0
143,Balanced,8374.0,4288.33,0.5121,881.73,9,4085.67,4288.33,29,0.0638,risky,0.95,critical,881.73,344.69,670.44,643.21,334.0,334.33,440.13,245.12,394.68
75,Savers,78298.02,26167.2,0.3342,6846.65,5,52130.82,4361.2,24,0.046,risky,11.95,critical,6846.65,2828.88,805.84,5316.93,2449.07,251.29,3149.65,2403.08,2115.81
47,Savers,10178.25,3024.98,0.2972,1026.06,7,7153.27,432.14,23,0.4084,risky,16.55,critical,1026.06,250.64,83.08,576.56,279.22,25.7,498.93,248.7,36.09
15,Savers,71884.91,16907.33,0.2352,4499.45,11,54977.58,704.47,6,0.7617,safe,78.04,on_track,4499.45,1392.14,502.51,4070.35,1393.81,197.44,2347.01,1109.2,1395.42
180,Balanced,8913.62,4702.83,0.5276,1346.39,19,4210.79,783.8,24,0.3368,risky,5.37,critical,1346.39,422.23,836.95,672.4,323.57,385.97,537.53,240.11,0
344,At-Risk,76081.96,72064.83,0.9472,21163.39,32,4017.13,3792.89,11,0.9902,risky,1.06,critical,12065.61,7983.75,21163.39,4854.45,2246.92,15506.84,774.12,748.44,6721.31
95,Savers,54639.75,9113.91,0.1668,3049.72,11,45525.84,479.68,11,0.2626,safe,94.91,on_track,3049.72,854.81,255.1,2191.88,958.15,74.53,1515.55,797.7,0
103,Balanced,19406.28,13124.47,0.6763,3666.58,13,6281.81,874.96,15,0.8275,risky,7.18,critical,3666.58,1317.04,2004.61,1733.2,898.29,1025.42,1063.76,670.4,745.17
301,At-Risk,14738.08,16745.41,1.1362,5997.86,33,-2007.33,16745.41,29,1.1887,risky,-0.12,critical,3553.71,2207.27,5997.86,1297.03,517.75,3769.67,179.14,181.02,0
106,Balanced,25355.62,16864.02,0.6651,4426.84,17,8491.6,887.58,11,0.8454,risky,9.57,at_risk,4426.84,1763.59,2541.86,2672.26,1398.67,1218.56,1464.61,885.19,492.44
309,At-Risk,70783.92,80268.97,1.134,31204.41,30,-9485.05,4459.39,12,0.0363,risky,-2.13,critical,11972.79,11266.44,31204.41,4696.43,2573.5,16411.81,778.14,753.99,611.46
64,Savers,58966.13,12441.85,0.211,3377.46,8,46524.28,12441.85,30,0.9715,risky,3.74,critical,3377.46,1184.97,391.1,2888.9,1180.22,146.47,1996.79,983.99,291.95
50,Savers,51457.75,13306.97,0.2586,3695.91,9,38150.78,475.25,2,0.5427,safe,80.28,on_track,3695.91,1236.63,424.38,3478.13,1279.69,135.34,2007.7,1272.41,0
6,Savers,43517.01,15840.19,0.364,4305.14,5,27676.82,1218.48,17,1.1337,caution,22.71,on_track,4305.14,1423.48,456.08,3570.39,1433.69,140.62,2456.42,1468.87,585.5
342,At-Risk,44763.59,43886.22,0.9804,13070.86,37,877.37,2925.75,15,0.6202,risky,0.3,critical,8229.53,5935.28,13070.86,3436.7,1224.88,8121.5,465.1,490.2,2912.17
155,Balanced,38012.95,15931.23,0.4191,4376.07,10,22081.72,885.07,12,0.7242,safe,24.95,on_track,4376.07,1630.08,3082.88,2123.03,1210.32,1098.71,1707.54,857.24,0
34,Savers,8335.79,1924.73,0.2309,503.91,9,6411.06,91.65,9,0.7055,safe,69.95,on_track,503.91,174.01,52.62,394.2,188.99,22.72,269.94,177.36,140.98
23,Savers,42643.51,14839.94,0.348,3958.57,11,27803.57,781.05,11,0.173,safe,35.6,on_track,3958.57,1578.99,418.69,3132.19,1352.57,148.96,1842.6,1316.99,1090.38
130,Balanced,59191.76,37273.05,0.6297,11155.25,19,21918.71,3106.09,18,0.5689,risky,7.06,critical,11155.25,3567.86,5709.08,6661.57,3381.2,2876.47,4440.7,1836.07,0
61,Savers,32308.89,5518.36,0.1708,1469.43,3,26790.53,275.92,10,0.05,caution,97.1,on_track,1469.43,483.44,141.5,1092.94,608.25,46.29,916.31,473.41,286.79
241,Impulsive,19782.35,14320.44,0.7239,4928.58,24,5461.91,2045.78,23,1.3897,risky,2.67,critical,2408.68,1641.03,4928.58,1570.9,733.57,2824.61,384.52,318.98,0
31,Savers,10854.18,1799.62,0.1658,624.76,10,9054.56,112.48,14,1.2493,safe,80.5,on_track,624.76,149.77,52.15,340.62,171.54,16.78,232.45,127.5,84.05
304,At-Risk,14933.41,15414.27,1.0322,6090.6,24,-480.86,616.57,5,1.3345,risky,-0.78,critical,3266.61,1858.05,6090.6,1109.5,475.67,3959.65,129.13,151.7,0
263,Impulsive,52478.75,39453.52,0.7518,13230.89,29,13025.23,3945.35,20,0.3447,risky,3.3,critical,8208.98,3443.32,13230.89,4197.3,1786.87,8011.93,1289.75,739.41,0
338,At-Risk,15579.11,17292.81,1.11,5502.08,37,-1713.7,910.15,11,1.4149,risky,-1.88,critical,3325.77,1755.12,5502.08,1432.4,531.16,3283.21,145.42,175.87,1141.78
17,Savers,25864.23,5630.64,0.2177,1554.05,6,20233.59,433.13,17,1.3999,safe,46.71,on_track,1554.05,521.66,202.44,1363.54,466.79,46.7,830.5,540.26,104.7
56,Savers,52547.73,19353.33,0.3683,6459.81,8,33194.4,2150.37,21,1.1391,risky,15.44,critical,6459.81,1753.43,621.09,4467.65,1855.97,196.14,2415.66,1442.1,141.48
101,Balanced,17765.14,9266.3,0.5216,2084.56,15,8498.84,402.88,7,0.4284,safe,21.1,on_track,2084.56,783.35,1825.17,1389.41,707.79,664.64,838.33,418.89,554.16
22,Savers,20932.75,2285.86,0.1092,639.73,3,18646.89,1142.93,28,0.2994,risky,16.31,critical,639.73,267.98,76.46,563.69,261.87,19.28,385.5,165.81,0
221,Impulsive,8150.9,5953.42,0.7304,1659.01,26,2197.48,297.67,10,0.5753,risky,7.38,critical,959.25,521.66,1659.01,637.43,312.76,1214.45,160.66,128.29,359.91
388,At-Risk,28381.15,35328.86,1.2448,10015.36,37,-6947.71,2717.6,17,1.0582,risky,-2.56,critical,5396.39,4694.81,10015.36,2915.98,1241.23,9112.52,304.68,419.73,1228.16
248,Impulsive,20784.56,15711.05,0.7559,5095.55,29,5073.51,2244.44,23,0.1313,risky,2.26,critical,3189.66,1744.06,5095.55,1663.21,923.73,3366.69,517.88,270.7,0
10,Savers,11911.94,2941.06,0.2469,938.7,6,8970.88,420.15,23,1.4927,risky,21.35,at_risk,938.7,346.67,103.37,560.36,297.36,32.41,459.97,278.99,0
40,Savers,26355.9,7411.28,0.2812,2273.0,10,18944.62,494.09,15,0.1396,caution,38.34,on_track,2273.0,746.06,199.24,1428.99,664.45,73.4,1070.08,605.99,350.07
58,Savers,9173.47,1860.38,0.2028,565.07,12,7313.09,74.42,5,0.9569,safe,98.27,on_track,565.07,190.94,58.48,457.17,161.48,16.68,232.06,170.91,7.59
391,At-Risk,11903.36,12347.36,1.0373,4341.55,20,-444.0,617.37,10,0.4621,risky,-0.72,critical,2314.25,1580.52,4341.55,828.9,402.42,2234.03,119.9,117.85,407.94
354,At-Risk,15351.27,17560.32,1.1439,7036.1,33,-2209.05,3512.06,25,0.991,risky,-0.63,critical,3539.37,1756.93,7036.1,1054.71,618.25,3620.42,151.31,175.32,0
218,Impulsive,16197.55,13418.05,0.8284,3753.81,17,2779.5,958.43,16,0.7507,risky,2.9,critical,2992.86,1231.27,3753.81,1530.31,663.0,2183.93,461.54,277.33,324.0
41,Savers,16639.61,2875.32,0.1728,817.4,6,13764.29,110.59,4,0.4733,safe,124.46,on_track,817.4,293.68,84.66,593.04,344.65,26.53,439.99,216.39,58.98
